검색어,제목,본문,이미지URL,이미지파일경로
사과,사과 - 나무위키,"최근 변경
최근 토론
특수 기능
사과
최근 수정 시각: 2026-04-17 03:40:53
71
편집
토론
역사
분류사과화폐의 도안
  동음이의어에 대한 내용은 사과(동음이의어) 문서를, 사과를 생산하는 장미목 과수에 대한 내용은 사과나무 문서를 참고하십시오.

🍊 과일


[ 펼치기 · 접기 ]
사과


[ 펼치기 · 접기 ]
사과
沙果 | Apple




학명
	
Malus domestica
Borkh. (1803)[1]


분류


계
	
식물계 Plantae


분류군
	
속씨식물군 Angiosperms


진정쌍떡잎식물군",https://i.namu.wiki/i/06tsVyUq-xBuLr-ILTUJLrwhXqwdzi6Lb-68mfGjDHzdSvh7E5MqqBVp2Nb5ARoAr1JICdGj9BG1Zq4x9DgUhEFIWuFLI_4grgGX31TnZpUlVnkCYklDrnVB_B2qkK1Yz9tWa3XqTbROX5QJU_N9QA.webp,나무위키이미지/너구리.webp
